INSERT INTO Nieruchomości(Ulica, Numer, Miejscowość, Powierzchnia, Cena, Możliwość_negocjacji_ceny) VALUES
('Henryka Hubala-Dobrzańskiego', 365, 'Arłamów', 78, 319817, 0),
('Olchowa', 37, 'Kraków', 92, 900016, 0),
('Krakowska', 497, 'Gniezno', 324, 75498, 1),
('Podhalańska', 408, 'Rzeszów', 115, 206990, 1),
('Generała Władysława Andersa', 416, 'Zagórze Śląskie', 182, 769521, 0),
('Wolańska', 401, 'Płock', 48, 60343, 1),
('Władysława Reymonta', 406, 'Trzebnica', 88, 411447, 0),
('skwer o. Olgierda Kokocińskiego', 16, 'Malbork', 147, 946655, 0),
('Przyjazna', 416, 'Zakopane', 432, 859711, 1),
('Racławicka', 355, 'Pruszków', 191, 97118, 1),
('Spytki', 135, 'Zawiercie', 423, 713445, 0),
('Kresowa', 78, 'Gliwice', 99, 872241, 1),
('Nowatorska', 152, 'Hajnówka', 432, 732540, 1),
('Mieczysława Karłowicza', 146, 'Ciechanów', 393, 978786, 0),
('Dobra', 123, 'Siedlce', 87, 492337, 0),
('Porucznika Błażeja Wójcickiego', 493, 'Opalenica', 455, 455564, 0),
('Ziołowa', 394, 'Józefów', 343, 109288, 1),
('Gruntowa', 6, 'Cieszyn', 264, 131847, 0),
('Katedralna', 471, 'Zamość', 368, 629243, 1),
('Wolańska', 224, 'Duszniki Zdrój', 360, 984640, 1),
('Ojca Józefa Marii Bocheńskiego', 303, 'Bartoszyce', 165, 578271, 1),
('Juliusza Kossaka', 252, 'Międzybrodzie Żywieckie', 394, 613957, 1),
('Lwowska', 312, 'Bytom', 312, 68314, 1),
('Józefa Antalla', 413, 'Brok', 22, 398910, 1),
('Janusza Korczaka', 265, 'Rymanów', 45, 268230, 0),
('Świętego Wojciecha', 196, 'Ustroń', 308, 364722, 0),
('Żydowska', 89, 'Rybnik', 202, 529223, 0),
('Środkowa', 424, 'Kazimierz Dolny', 42, 628401, 0),
('Urocza', 430, 'Aleksandrów Łódzki', 121, 870939, 0),
('Generała Józefa Bema', 257, 'Zgłobice', 456, 427274, 1),
('Orzechowa', 47, 'Pobierowo', 499, 481970, 1),
('Czerwonych Klonów', 211, 'Nowy Sącz', 204, 70129, 1),
('Wiciarzy', 388, 'Jelenia Góra', 44, 466176, 0),
('Gorczańska', 443, 'Rumia', 377, 244489, 0),
('Aleksandra Fredry', 132, 'Świeradów-Zdrój', 195, 648179, 1),
('Księżycowa', 355, 'Bielsko-Biała', 326, 727146, 1),
('rondo Jerzego Giedroycia', 49, 'Braniewo', 190, 341809, 0),
('Wygodna', 56, 'Konstantynów Łódzki', 77, 516613, 0),
('Mikołaja Kopernika', 372, 'Szczecin', 59, 729706, 0),
('Kwiatowa', 275, 'Kutno', 205, 978423, 1),
('Jana Leńka', 215, 'Władysławowo', 179, 655937, 1),
('Kleofasa Stanisza', 271, 'Giżycko', 269, 952861, 1),
('Porucznika Błażeja Wójcickiego', 248, 'Warszawa', 56, 708926, 0),
('Małe Schody', 337, 'Koleczkowo', 167, 377858, 0),
('Jabłoniowa', 432, 'Zgłobice', 45, 691771, 0),
('skwer Skwer Debory Wechsler', 423, 'Pisz', 387, 629900, 0),
('Bolesława Leszczyńskiego', 94, 'Mszczonów', 463, 133304, 0),
('Robotnicza', 67, 'Warszawa', 392, 684869, 1),
('Ignacego Paderewskiego', 317, 'Legnica', 364, 781377, 0),
('Mirona Białoszewskiego', 359, 'Świebodzin', 307, 746154, 1)

INSERT INTO Domy VALUES
(5, 'wolnostojący', 6, 1, 'gaz'),
(6, 'szeregowiec', 7, 1, 'gaz'),
(9, 'gospodarstwo', 5, 2,'prąd'),
(11, 'szeregowiec', 6, 1,'paliwo stałe'),
(12, 'wolnostojący', 6, 2,'gaz'),
(15, 'letniskowy', 5, 1,'paliwo stałe'),
(16, 'gospodarstwo', 9, 1,'sieć miejska'),
(17, 'wolnostojący', 6, 1,'sieć miejska'),
(19, 'wolnostojący', 9, 2,'sieć miejska'),
(21, 'wolnostojący', 4, 2, 'gaz'),
(22, 'szeregowiec', 9, 1, 'gaz'),
(25, 'wolnostojący', 4, 1, 'prąd'),
(27, 'gospodarstwo', 8, 2,'paliwo stałe'),
(33, 'wolnostojący', 6,  1, 'paliwo stałe'),
(35, 'gospodarstwo', 8, 2, 'gaz'),
(36, 'wolnostojący', 6, 1,  'prąd'),
(39, 'szeregowiec', 4, 1, 'prąd'),
(41, 'letniskowy', 7, 1, 'gaz'),
(45, 'wolnostojący', 10, 11, 'gaz'),
(48, 'bliźniak', 6, 1, 'sieć miejska')

INSERT INTO Mieszkania VALUES
(1, 54, 'blok', 4, 1, 1),
(3, 12, 'apartamentowiec', 3, 0, 1),
(10, 23, 'apartamentowiec', 10, 0, 0),
(14, 21, 'apartamentowiec', 8, 1, 1),
(18, 45, 'apartamentowiec', 6, 1, 0),
(20, 6, 'kamienica', 1, 0, 0),
(26, 8, 'kamienica', 9, 1, 1),
(28, 45, 'blok', 7, 0, 0),
(30, 12, 'apartamentowiec', 8, 0, 1),
(31, 65, 'blok', 1, 0, 0),
(38, 1, 'blok', 9, 1, 0),
(42, 7, 'apartamentowiec', 7, 0, 0),
(47, 44, 'blok', 8, 0, 1),
(50, 2, 'blok', 6, 0, 1)

INSERT INTO Działki VALUES
(2, 'inwestycjyjna', 0, 0, 0, 0),
(4, 'budowlana', 1, 1, 1, 1),
(7, 'rolna', 1, 0, 0, 0),
(8, 'rekreacyjna', 0, 0, 0, 0),
(13, 'ogródek działkowy', 1, 1, 0, 0),
(23, 'siedliskowa', 0, 1, 0, 1),
(24, 'ogródek działkowy', 0, 1, 0, 0),
(29, 'leśna', 0, 0, 1, 1),
(32, 'rolna', 0, 0, 0, 1),
(34, 'siedliskowa', 0, 1, 0, 1),
(37, 'rekreacyjna', 0, 1, 0, 0),
(40, 'siedliskowa', 0, 1, 0, 0),
(43, 'rolna', 0, 1, 0, 0),
(44, 'rekreacyjna', 1, 0, 1, 0),
(46, 'rolna', 1, 0, 0, 0),
(49, 'siedliskowa', 0, 1, 0, 1)

INSERT INTO Osoby VALUES
('93011904788', 'Agata', 'Kania', '112507091'), 
('36070142243', 'Anita', 'Kosińska', '340002537'),
('94081458182', 'Marianna', 'Zakrzewska', '584732495'),
('81072745314', 'Ireneusz', 'Kasprzak', '495521439'),
('20082281942', 'Hildegarda', 'Kowalewska', '882012641'),
('31072069990', 'Erwin', 'Kołodziej', '232340543'),
('10300356413', 'Benedykt', 'Górecki', '136182252'),
('42071294964', 'Paulina', 'Baranowska', '931465801'),
('86072900736', 'Feliks', 'Jankowski', '720584059'),
('51050368561', 'Violetta', 'Świątek', '286461552'),
('73082903518', 'Teodor', 'Polak', '565958826'),
('38051554568', 'Joanna', 'Musiał', '070557960'),
('06222615688', 'Honorata', 'Matuszewska', '204874252'),
('37081804911', 'Gracjan', 'Krupa', '538163714'),
('65020548648', 'Agnieszka', 'Sikorska', '257291959'),
('98032847584', 'Małgorzata', 'Kozak', '003730550'),
('72072732965', 'Roksana', 'Marek', '489908836'),
('08211717919', 'Władysław', 'Stefański', '058012948'),
('84091587387', 'Martyna', 'Mazur', '026926978'),
('08230862902', 'Lucyna', 'Jasińska', '252184446'),
('35020376651', 'Dorian', 'Markowski', '425606803'),
('14270861456', 'Oskar', 'Mazur', '043295145'),
('22110855460', 'Adrianna', 'Bielecka', '086278942'),
('50021223412', 'Norbert', 'Owczarek', '599432490'),
('72060266230', 'Tymon', 'Wilk', '076092844'),
('40071541277', 'Konrad', 'Baran', '327677544'),
('93122104693', 'Eryk', 'Bukowski', '174620243'),
('66101346533', 'Marian', 'Majewski', '848073561'),
('78010392383', 'Dorota', 'Łukasik', '720966611'),
('24102948963', 'Violetta', 'Dziedzic', '723014202'),
('71011658432', 'Andrzej', 'Olejniczak', '517981802'),
('22100744369', 'Marzena', 'Mazur', '273084858')

INSERT INTO Klienci VALUES
('93011904788', 'agata.kania@op.pl'),
('81072745314', 'ireneusz.kasprzak@onet.pl'),
('20082281942', 'hildegarda.kowalewska@op.pl'),
('31072069990', 'erwin.kołodziej@wp.pl'),
('10300356413', 'benedykt.górecki@interia.pl'),
('86072900736', 'feliks.jankowski@onet.pl'),
('73082903518', 'teodor.polak@op.pl'),
('37081804911', 'gracjan.krupa@interia.pl'),
('08230862902', 'lucyna.jasińska@interia.pl'),
('35020376651', 'dorian.markowski@onet.pl'),
('22110855460', 'adrianna.bielecka@interia.pl'),
('50021223412', 'norbert.owczarek@outlook.com'),
('40071541277', 'konrad.baran@wp.pl'),
('93122104693', 'eryk.bukowski@outlook.com'),
('24102948963', 'violetta.dziedzic@interia.pl'),
('71011658432', 'andrzej.olejniczak@yahoo.com')

INSERT INTO Pracownicy VALUES
('36070142243', '0', 'specjalista ds. nieruchomości'),
('94081458182', '0', 'agent nieruchomości'),
('42071294964', '0', 'specjalista ds. nieruchomości'),
('51050368561', '0', 'specjalista ds. nieruchomości'),
('38051554568', '0', 'specjalista ds. nieruchomości'),
('06222615688', '0', 'rzeczoznawca nieruchomości'),
('65020548648', '0', 'doradca klienta'),
('98032847584', '0', 'agent nieruchomości'),
('72072732965', '0', 'doradca klienta'),
('08211717919', '0', 'agent nieruchomości'),
('84091587387', '0', 'specjalista ds. nieruchomości'),
('14270861456', '0', 'menedżer ds. nieruchomości'),
('72060266230', '0', 'agent nieruchomości'),
('66101346533', '0', 'specjalista ds. nieruchomości'),
('78010392383', '0', 'doradca klienta'),
('22100744369', '0', 'menedżer ds. nieruchomości')

INSERT INTO Wszystkie_oferty(ID_nieruchomości, Data_wystawienia, Data_zakończenia) VALUES
(13, '2022-03-11 18:01:00', '2023-05-29 14:54:00'),
(49, '2022-09-07 05:09:00', '2023-09-12 01:58:00'),
(34, '2022-05-26 11:56:00', '2023-07-28 13:28:00'),
(20, '2022-07-24 04:11:00', '2023-10-25 00:12:00')

INSERT INTO Wszystkie_oferty(ID_nieruchomości, Pracownik_obsługujący, Data_wystawienia, Data_zakończenia) VALUES
(14, '06222615688','2022-07-20 12:15:00', '2023-07-27 21:43:00')

INSERT INTO Wszystkie_oferty(ID_nieruchomości, Data_wystawienia, Data_zakończenia) VALUES
(23, '2022-01-14 15:04:00', '2023-11-20 08:03:00')

INSERT INTO Wszystkie_oferty(ID_nieruchomości, Pracownik_obsługujący, Data_wystawienia, Data_zakończenia) VALUES
(22, '08211717919' , '2022-08-08 23:42:00', '2022-11-10 13:30:00')

INSERT INTO Wszystkie_oferty(ID_nieruchomości, Data_wystawienia, Data_zakończenia) VALUES
(15, '2022-06-16 06:09:00', '2023-11-25 10:43:00')

INSERT INTO Wszystkie_oferty(ID_nieruchomości, Pracownik_obsługujący, Data_wystawienia, Data_zakończenia) VALUES
(16,'08211717919', '2022-12-28 15:41:00', '2023-12-29 02:00:00')

INSERT INTO Wszystkie_oferty(ID_nieruchomości, Data_wystawienia, Data_zakończenia) VALUES
(3, '2022-01-23 04:44:00', '2023-12-29 04:47:00'),
(47, '2022-07-17 07:53:00', '2023-12-29 05:24:00'),
(29, '2022-05-03 01:00:00', '2023-06-17 10:41:00')

INSERT INTO Wszystkie_oferty(ID_nieruchomości, Pracownik_obsługujący, Data_wystawienia, Data_zakończenia) VALUES
(43, '66101346533', '2022-03-06 04:47:00', '2022-07-14 06:43:00')

INSERT INTO Wszystkie_oferty(ID_nieruchomości, Pracownik_obsługujący, Data_wystawienia, Data_zakończenia) VALUES
(17,'06222615688', '2022-07-25 14:22:00', '2023-08-29 05:07:00')

INSERT INTO Wszystkie_oferty(ID_nieruchomości, Data_wystawienia, Data_zakończenia) VALUES
(42, '2022-01-21 14:13:00', '2023-08-25 22:18:00'),
(19, '2022-03-01 21:07:00', '2023-08-04 00:37:00')

INSERT INTO Wszystkie_oferty(ID_nieruchomości, Pracownik_obsługujący, Data_wystawienia, Data_zakończenia) VALUES
(31, '98032847584', '2022-11-19 23:43:00', '2022-12-25 11:49:00')

INSERT INTO Wszystkie_oferty(ID_nieruchomości, Pracownik_obsługujący, Data_wystawienia, Data_zakończenia) VALUES
(26,'51050368561','2022-06-19 09:51:00', '2023-06-21 05:05:00'),
(27, '72060266230','2022-09-12 05:32:00', '2023-09-15 12:25:00')

INSERT INTO Wszystkie_oferty(ID_nieruchomości, Data_wystawienia, Data_zakończenia) VALUES
(9, '2022-10-04 20:42:00', '2023-12-11 14:18:00'),
(21, '2022-07-11 17:17:00', '2023-10-26 23:05:00'),
(39, '2022-03-09 10:03:00', '2023-05-21 18:05:00')

INSERT INTO Wszystkie_oferty(ID_nieruchomości, Pracownik_obsługujący, Data_wystawienia, Data_zakończenia) VALUES
(32,'06222615688', '2022-10-16 07:28:00', '2023-12-18 15:00:00')

INSERT INTO Wszystkie_oferty(ID_nieruchomości, Data_wystawienia, Data_zakończenia) VALUES
(45, '2022-05-20 06:50:00', '2023-11-24 00:44:00'),
(2, '2022-04-21 23:49:00', '2023-12-22 09:07:00')

INSERT INTO Wszystkie_oferty(ID_nieruchomości, Pracownik_obsługujący, Data_wystawienia, Data_zakończenia) VALUES
(10, '78010392383', '2022-05-20 20:29:00', '2022-11-23 08:21:00')

INSERT INTO Wszystkie_oferty(ID_nieruchomości, Pracownik_obsługujący, Data_wystawienia, Data_zakończenia) VALUES
(33,'98032847584', '2022-07-25 08:37:00', '2023-12-28 05:01:00')

INSERT INTO Wszystkie_oferty(ID_nieruchomości, Data_wystawienia, Data_zakończenia) VALUES
(1, '2022-10-12 13:34:00', '2023-10-14 06:45:00'),
(11, '2022-11-20 03:38:00', '2023-12-27 10:14:00'),
(6, '2022-12-09 00:09:00', '2023-12-23 01:57:00'),
(28, '2022-04-16 15:30:00', '2023-12-19 06:05:00'),
(18, '2022-02-14 12:13:00', '2023-05-25 22:52:00'),
(40, '2022-06-04 09:28:00', '2023-11-20 07:06:00'),
(5, '2022-03-23 01:14:00', '2023-04-29 14:55:00'),
(38, '2022-08-28 04:25:00', '2023-08-29 00:22:00')

INSERT INTO Wszystkie_oferty(ID_nieruchomości, Pracownik_obsługujący, Data_wystawienia, Data_zakończenia) VALUES
(44,'08211717919','2022-03-26 13:27:00', '2023-08-29 00:42:00'),
(50, '98032847584', '2022-07-01 01:41:00', '2022-10-24 02:39:00')

INSERT INTO Wszystkie_oferty(ID_nieruchomości, Data_wystawienia, Data_zakończenia) VALUES
(36, '2022-06-25 07:52:00', '2023-07-28 10:57:00'),
(35, '2022-05-08 15:27:00', '2023-12-29 11:45:00'),
(12, '2022-01-10 21:05:00', '2023-11-19 00:36:00'),
(24, '2022-01-28 08:42:00', '2023-03-29 14:07:00'),
(41, '2022-02-18 16:49:00', '2023-12-24 02:26:00'),
(8, '2022-07-01 00:48:00', '2023-10-12 11:32:00')

INSERT INTO Wszystkie_oferty(ID_nieruchomości, Pracownik_obsługujący, Data_wystawienia, Data_zakończenia) VALUES
(4, '94081458182', '2022-09-07 12:51:00', '2022-12-10 16:08:00'),
(46,'94081458182','2022-01-28 22:06:00', '2023-02-28 21:49:00')

INSERT INTO Wszystkie_oferty(ID_nieruchomości, Data_wystawienia, Data_zakończenia) VALUES
(48, '2022-05-23 11:38:00', '2023-10-26 17:43:00')

INSERT INTO Wszystkie_oferty(ID_nieruchomości, Pracownik_obsługujący, Data_wystawienia, Data_zakończenia) VALUES
(25, '14270861456', '2022-03-08 04:14:00', '2022-07-09 13:57:00')

INSERT INTO Wszystkie_oferty(ID_nieruchomości, Data_wystawienia, Data_zakończenia) VALUES
(7, '2022-01-28 14:31:00', '2023-04-29 11:46:00'),
(37, '2022-06-03 11:50:00', '2023-08-06 20:17:00'),
(30, '2022-11-10 03:33:00', '2023-11-16 20:57:00')

INSERT INTO Sprzedane VALUES 
(5, '08230862902', '2022-12-26 10:14:00', 1),
(9, '10300356413', '2022-12-10 11:57:00', 1),
(14, '20082281942', '2022-07-01 15:00:00', 1),
(18, '22110855460', '2022-12-24 00:00:00', 1),
(19, '24102948963', '2022-10-29 04:25:00', 1),
(23, '31072069990', '2022-08-01 12:41:00', 1),
(27, '35020376651', '2022-12-10 14:00:00', 1),
(36, '40071541277', '2022-05-10 10:14:00', 1),
(45, '50021223412', '2022-03-21 12:00:00', 1)

INSERT INTO Trendy_rynkowe(Nazwa_trendu, Rozpoczęcie, Zakończenie, Miejscowość, Zmiana_mnożnika) VALUES
('spadek', '2022-09-08 00:44:00', '2023-09-15 18:44:00', 'Nowe Brzesko', 0.06),
('wzrost', '2022-09-04 04:30:00', '2022-12-15 13:21:00', 'Poronin', 0.06),
('spadek', '2022-08-27 18:20:00', '2023-11-28 07:10:00', 'Konstantynów Łódzki', 0.02),
('spadek', '2022-09-06 05:09:00', '2023-12-17 13:16:00', 'Darłowo', 0.01),
('wzrost', '2022-05-07 10:42:00', '2023-06-22 12:19:00', 'Okuninka', 0.08),
('spadek', '2022-12-19 21:35:00', '2023-12-25 13:34:00', 'Piotrków Trybunalski', 0.06),
('wzrost', '2022-05-12 15:49:00', '2023-09-28 20:50:00', 'Niechorze', 0.08),
('spadek', '2022-01-28 04:44:00', '2023-11-29 17:55:00', 'Gdynia', 0.06),
('spadek', '2022-06-10 01:43:00', '2023-08-16 19:19:00', 'Swarzędz', 0.07),
('spadek', '2022-10-11 11:20:00', '2023-12-19 08:52:00', 'Nowy Sącz', 0.07),
('spadek', '2022-09-04 06:51:00', '2023-10-20 17:01:00', 'Czechowice-Dziedzice', 0.02),
('spadek', '2022-03-11 09:29:00', '2022-10-15 14:35:00', 'Podgórzyn', 0.01),
('wzrost', '2022-08-17 14:08:00', '2023-11-20 00:39:00', 'Chełm', 0.09),
('wzrost', '2022-02-12 08:46:00', '2023-11-25 00:18:00', 'Międzybrodzie Żywieckie', 0.05),
('spadek', '2022-05-07 10:18:00', '2022-11-16 17:47:00', 'Biała Podlaska', 0.01),
('wzrost', '2022-08-16 04:15:00', '2023-11-21 13:59:00', 'Kazimierz Dolny', 0.06),
('wzrost', '2022-06-04 04:09:00', '2023-10-09 19:23:00', 'Słupsk', 0.1),
('wzrost', '2022-02-06 01:01:00', '2023-12-23 00:57:00', 'Witów', 0.04),
('spadek', '2022-06-19 11:41:00', '2023-06-29 17:16:00', 'Opalenica', 0.03),
('wzrost', '2022-09-25 03:30:00', '2022-09-26 19:19:00', 'Busko-Zdrój', 0.01),
('spadek', '2022-06-18 11:12:00', '2022-09-29 11:12:00', 'Zamość', 0.08),
('spadek', '2022-02-09 20:51:00', '2023-06-18 06:39:00', 'Białe Błota', 0.04)

INSERT INTO Opinie(ID_oferty, Data_wystawienia_opinii, Ocena, Opis) VALUES
(9, '2022-12-29 12:12:00', 10, 'Działanie firmy pośredniczącej w sprzedaży było bardzo szybkie i sprawne.'),
(14, '2022-12-16 10:52:00', 8, 'Nieruchomość była zadbana i dobrze utrzymana.'),
(19, '2022-07-02 09:32:00', 9, 'Nieruchomość była w doskonałym stanie i gotowa do zamieszkania od razu po zakupie.'),
(27, '2022-09-02 13:44:00', 6, 'Nieruchomość była w średnim stanie i wymagała drobnych prac remontowych.'),
(36, '2022-12-12 17:22:00', 2, 'Pracownik był nieodpowiedzialny i często spóźniał się na spotkania z klientami.'),
(45, '2022-05-10 19:37:00', 4, 'Pracownik nie był zbyt pomocny i brakowało mu chęci do pracy.'),
(5, '2022-03-25 14:43:00', 10, 'Nieruchomość była nowoczesna i wyposażona we wszystkie niezbędne udogodnienia.')

INSERT INTO Cechy_nieruchomości VALUES
(5, 'garaż'),
(15, 'basen'),
(16, 'taras'),
(16, 'altana'),
(19,'garaż'),
(19,'basen'),
(25,'garaż'),
(36, 'elektrownia słoneczna'),
(48, 'własne ujęcie wody'),

(3, 'miejsce parkingowe'),
(3, 'ochrona'),
(18, 'komórka lokatorska'),
(18, 'taras'),
(18, 'balkon'),
(28, 'piwnica'),
(38, 'klimatyzacja'),
(38, 'monitoring'),
(47, 'balkon'),

(4, 'studnia'),
(8, 'schowek na narzędzia'),
(13, 'ogrodzenie'),
(13, 'narzędzia'),
(34, 'krzewy wokół działki'),
(29, 'wjazd na działkę'),
(44, 'infrastruktura drogowa'),
(43, 'studnia'),
(43, 'ogrodzenie'),
(43, 'wjazd na działkę'),
(49, 'schowek na narzędzia'),
(49, 'infrastruktura drogowa')

EXEC Synchronizuj

EXEC Rezerwacja 6,'71011658432','2023-04-11'
EXEC Rezerwacja 22,'31072069990','2023-05-01'
EXEC Rezerwacja 34,'93011904788','2023-04-28'
EXEC Rezerwacja 39,'93122104693','2023-03-15'
EXEC Rezerwacja 43,'71011658432','2023-05-17'

EXEC ZarezerwujTerminOglądania '20082281942',20,'2023-02-25 12:00','2023-02-25 12:15'
EXEC ZarezerwujTerminOglądania '35020376651',34,'2023-03-10 16:00','2023-03-10 17:00'
EXEC ZarezerwujTerminOglądania '86072900736',42,'2023-03-02 13:00','2023-03-02 13:30'
EXEC ZarezerwujTerminOglądania '93122104693',49,'2023-04-01 14:00','2023-04-01 14:20'
EXEC ZarezerwujTerminOglądania '50021223412',10,'2023-04-10 23:30','2023-04-10 23:59'